bet,won,balance,sequence,event,extracted profit,
4,True,4000,"[1, 2, 3]",
2,False,4004,"[2]",
4,True,4002,"[2, 2]",
0,0,4006,[],won,0,
4,False,4006,"[1, 2, 3]",
5,True,4002,"[1, 2, 3, 4]",
5,True,4007,"[2, 3]",
0,0,4012,[],won,0,
4,False,4012,"[1, 2, 3]",
5,False,4008,"[1, 2, 3, 4]",
6,True,4003,"[1, 2, 3, 4, 5]",
6,False,4009,"[2, 3, 4]",
8,True,4003,"[2, 3, 4, 6]",
7,False,4011,"[3, 4]",
10,False,4004,"[3, 4, 7]",
13,True,3994,"[3, 4, 7, 10]",
11,False,4007,"[4, 7]",
15,False,3996,"[4, 7, 11]",
19,True,3981,"[4, 7, 11, 15]",
18,True,4000,"[7, 11]",
0,0,4018,[],won,0,
4,True,4018,"[1, 2, 3]",
2,True,4022,"[2]",
0,0,4024,[],won,0,
4,True,4024,"[1, 2, 3]",
2,True,4028,"[2]",
0,0,4030,[],won,0,
4,True,4030,"[1, 2, 3]",
2,False,4034,"[2]",
4,False,4032,"[2, 2]",
6,True,4028,"[2, 2, 4]",
2,True,4034,"[2]",
0,0,4036,[],won,0,
4,True,4036,"[1, 2, 3]",
2,True,4040,"[2]",
0,0,4042,[],won,0,
4,False,4042,"[1, 2, 3]",
5,False,4038,"[1, 2, 3, 4]",
6,True,4033,"[1, 2, 3, 4, 5]",
6,False,4039,"[2, 3, 4]",
8,True,4033,"[2, 3, 4, 6]",
7,True,4041,"[3, 4]",
0,0,4048,[],won,0,
4,False,4048,"[1, 2, 3]",
5,True,4044,"[1, 2, 3, 4]",
5,True,4049,"[2, 3]",
0,0,4054,[],won,0,
4,True,4054,"[1, 2, 3]",
2,False,4058,"[2]",
4,True,4056,"[2, 2]",
0,0,4060,[],won,0,
4,True,4060,"[1, 2, 3]",
2,True,4064,"[2]",
0,0,4066,[],won,0,
4,False,4066,"[1, 2, 3]",
5,False,4062,"[1, 2, 3, 4]",
6,False,4057,"[1, 2, 3, 4, 5]",
7,True,4051,"[1, 2, 3, 4, 5, 6]",
7,True,4058,"[2, 3, 4, 5]",
7,True,4065,"[3, 4]",
0,0,4072,[],won,0,
4,False,4072,"[1, 2, 3]",
5,False,4068,"[1, 2, 3, 4]",
6,False,4063,"[1, 2, 3, 4, 5]",
7,True,4057,"[1, 2, 3, 4, 5, 6]",
7,True,4064,"[2, 3, 4, 5]",
7,False,4071,"[3, 4]",
10,True,4064,"[3, 4, 7]",
4,False,4074,"[4]",
8,False,4070,"[4, 4]",
12,True,4062,"[4, 4, 8]",
4,False,4074,"[4]",
8,True,4070,"[4, 4]",
0,0,4078,[],won,0,
4,False,4078,"[1, 2, 3]",
5,True,4074,"[1, 2, 3, 4]",
5,False,4079,"[2, 3]",
7,False,4074,"[2, 3, 5]",
9,True,4067,"[2, 3, 5, 7]",
8,True,4076,"[3, 5]",
0,0,4084,[],won,0,
4,False,4084,"[1, 2, 3]",
5,True,4080,"[1, 2, 3, 4]",
5,False,4085,"[2, 3]",
7,True,4080,"[2, 3, 5]",
3,False,4087,"[3]",
6,True,4084,"[3, 3]",
0,0,4090,[],won,0,
4,False,4090,"[1, 2, 3]",
5,True,4086,"[1, 2, 3, 4]",
5,True,4091,"[2, 3]",
0,0,4096,[],won,0,
4,True,4096,"[1, 2, 3]",
2,True,4100,"[2]",
0,0,4102,[],won,0,
4,True,4102,"[1, 2, 3]",
2,False,4106,"[2]",
4,False,4104,"[2, 2]",
6,True,4100,"[2, 2, 4]",
2,False,4106,"[2]",
4,True,4104,"[2, 2]",
0,0,4108,[],won,0,
4,False,4108,"[1, 2, 3]",
5,False,4104,"[1, 2, 3, 4]",
6,False,4099,"[1, 2, 3, 4, 5]",
7,True,4093,"[1, 2, 3, 4, 5, 6]",
7,True,4100,"[2, 3, 4, 5]",
7,True,4107,"[3, 4]",
0,0,4114,[],won,0,
4,True,4114,"[1, 2, 3]",
2,True,4118,"[2]",
0,0,4120,[],won,0,
4,True,4120,"[1, 2, 3]",
2,True,4124,"[2]",
0,0,4126,[],won,0,
4,True,4126,"[1, 2, 3]",
2,False,4130,"[2]",
4,False,4128,"[2, 2]",
6,True,4124,"[2, 2, 4]",
2,False,4130,"[2]",
4,False,4128,"[2, 2]",
6,False,4124,"[2, 2, 4]",
8,False,4118,"[2, 2, 4, 6]",
10,True,4110,"[2, 2, 4, 6, 8]",
8,True,4120,"[2, 4, 6]",
4,True,4128,"[4]",
0,0,4132,[],won,0,
4,True,4132,"[1, 2, 3]",
2,True,4136,"[2]",
0,0,4138,[],won,0,
4,False,4138,"[1, 2, 3]",
5,False,4134,"[1, 2, 3, 4]",
6,True,4129,"[1, 2, 3, 4, 5]",
6,False,4135,"[2, 3, 4]",
8,False,4129,"[2, 3, 4, 6]",
10,False,4121,"[2, 3, 4, 6, 8]",
12,False,4111,"[2, 3, 4, 6, 8, 10]",
14,True,4099,"[2, 3, 4, 6, 8, 10, 12]",
13,False,4113,"[3, 4, 6, 8, 10]",
16,False,4100,"[3, 4, 6, 8, 10, 13]",
19,True,4084,"[3, 4, 6, 8, 10, 13, 16]",
17,False,4103,"[4, 6, 8, 10, 13]",
21,True,4086,"[4, 6, 8, 10, 13, 17]",
19,False,4107,"[6, 8, 10, 13]",
25,False,4088,"[6, 8, 10, 13, 19]",
31,False,4063,"[6, 8, 10, 13, 19, 25]",
37,False,4032,"[6, 8, 10, 13, 19, 25, 31]",
43,True,3995,"[6, 8, 10, 13, 19, 25, 31, 37]",
39,True,4038,"[8, 10, 13, 19, 25, 31]",
35,False,4077,"[10, 13, 19, 25]",
45,False,4042,"[10, 13, 19, 25, 35]",
55,False,3997,"[10, 13, 19, 25, 35, 45]",
65,False,3942,"[10, 13, 19, 25, 35, 45, 55]",
75,True,3877,"[10, 13, 19, 25, 35, 45, 55, 65]",
68,True,3952,"[13, 19, 25, 35, 45, 55]",
64,False,4020,"[19, 25, 35, 45]",
83,True,3956,"[19, 25, 35, 45, 64]",
70,False,4039,"[25, 35, 45]",
95,False,3969,"[25, 35, 45, 70]",
120,False,3874,"[25, 35, 45, 70, 95]",
145,False,3754,"[25, 35, 45, 70, 95, 120]",
170,True,3609,"[25, 35, 45, 70, 95, 120, 145]",
155,True,3779,"[35, 45, 70, 95, 120]",
140,True,3934,"[45, 70, 95]",
70,True,4074,"[70]",
0,0,4144,[],won,0,
4,True,4144,"[1, 2, 3]",
2,True,4148,"[2]",
0,0,4150,[],won,0,
4,False,4150,"[1, 2, 3]",
5,True,4146,"[1, 2, 3, 4]",
5,True,4151,"[2, 3]",
0,0,4156,[],won,0,
4,False,4156,"[1, 2, 3]",
5,False,4152,"[1, 2, 3, 4]",
6,False,4147,"[1, 2, 3, 4, 5]",
7,True,4141,"[1, 2, 3, 4, 5, 6]",
7,False,4148,"[2, 3, 4, 5]",
9,False,4141,"[2, 3, 4, 5, 7]",
11,True,4132,"[2, 3, 4, 5, 7, 9]",
10,True,4143,"[3, 4, 5, 7]",
9,True,4153,"[4, 5]",
0,0,4162,[],won,0,
4,True,4162,"[1, 2, 3]",
2,False,4166,"[2]",
4,False,4164,"[2, 2]",
6,False,4160,"[2, 2, 4]",
8,True,4154,"[2, 2, 4, 6]",
6,False,4162,"[2, 4]",
8,True,4156,"[2, 4, 6]",
4,False,4164,"[4]",
8,False,4160,"[4, 4]",
12,False,4152,"[4, 4, 8]",
16,False,4140,"[4, 4, 8, 12]",
20,True,4124,"[4, 4, 8, 12, 16]",
16,True,4144,"[4, 8, 12]",
8,True,4160,"[8]",
0,0,4168,[],won,0,
4,True,4168,"[1, 2, 3]",
2,True,4172,"[2]",
0,0,4174,[],won,0,
4,False,4174,"[1, 2, 3]",
5,True,4170,"[1, 2, 3, 4]",
5,True,4175,"[2, 3]",
0,0,4180,[],won,0,
4,False,4180,"[1, 2, 3]",
5,False,4176,"[1, 2, 3, 4]",
6,False,4171,"[1, 2, 3, 4, 5]",
7,False,4165,"[1, 2, 3, 4, 5, 6]",
8,True,4158,"[1, 2, 3, 4, 5, 6, 7]",
8,False,4166,"[2, 3, 4, 5, 6]",
10,False,4158,"[2, 3, 4, 5, 6, 8]",
12,True,4148,"[2, 3, 4, 5, 6, 8, 10]",
11,True,4160,"[3, 4, 5, 6, 8]",
10,False,4171,"[4, 5, 6]",
14,False,4161,"[4, 5, 6, 10]",
18,False,4147,"[4, 5, 6, 10, 14]",
22,True,4129,"[4, 5, 6, 10, 14, 18]",
19,False,4151,"[5, 6, 10, 14]",
24,False,4132,"[5, 6, 10, 14, 19]",
29,True,4108,"[5, 6, 10, 14, 19, 24]",
25,False,4137,"[6, 10, 14, 19]",
31,False,4112,"[6, 10, 14, 19, 25]",
37,False,4081,"[6, 10, 14, 19, 25, 31]",
43,True,4044,"[6, 10, 14, 19, 25, 31, 37]",
41,False,4087,"[10, 14, 19, 25, 31]",
51,True,4046,"[10, 14, 19, 25, 31, 41]",
45,False,4097,"[14, 19, 25, 31]",
59,True,4052,"[14, 19, 25, 31, 45]",
50,False,4111,"[19, 25, 31]",
69,True,4061,"[19, 25, 31, 50]",
56,False,4130,"[25, 31]",
81,False,4074,"[25, 31, 56]",
106,False,3993,"[25, 31, 56, 81]",
131,False,3887,"[25, 31, 56, 81, 106]",
156,False,3756,"[25, 31, 56, 81, 106, 131]",
181,True,3600,"[25, 31, 56, 81, 106, 131, 156]",
162,True,3781,"[31, 56, 81, 106, 131]",
162,True,3943,"[56, 81, 106]",
81,True,4105,"[81]",
0,0,4186,[],won,0,
4,True,4186,"[1, 2, 3]",
2,True,4190,"[2]",
0,0,4192,[],won,0,
4,False,4192,"[1, 2, 3]",
5,False,4188,"[1, 2, 3, 4]",
6,True,4183,"[1, 2, 3, 4, 5]",
6,False,4189,"[2, 3, 4]",
8,False,4183,"[2, 3, 4, 6]",
10,True,4175,"[2, 3, 4, 6, 8]",
9,True,4185,"[3, 4, 6]",
4,True,4194,"[4]",
0,0,4198,[],won,0,
4,False,4198,"[1, 2, 3]",
5,True,4194,"[1, 2, 3, 4]",
5,True,4199,"[2, 3]",
0,0,4204,[],won,0,
4,False,4204,"[1, 2, 3]",
5,False,4200,"[1, 2, 3, 4]",
6,False,4195,"[1, 2, 3, 4, 5]",
7,True,4189,"[1, 2, 3, 4, 5, 6]",
7,False,4196,"[2, 3, 4, 5]",
9,False,4189,"[2, 3, 4, 5, 7]",
11,True,4180,"[2, 3, 4, 5, 7, 9]",
10,True,4191,"[3, 4, 5, 7]",
9,False,4201,"[4, 5]",
13,False,4192,"[4, 5, 9]",
17,False,4179,"[4, 5, 9, 13]",
21,True,4162,"[4, 5, 9, 13, 17]",
18,False,4183,"[5, 9, 13]",
23,True,4165,"[5, 9, 13, 18]",
22,False,4188,"[9, 13]",
31,False,4166,"[9, 13, 22]",
40,True,4135,"[9, 13, 22, 31]",
35,True,4175,"[13, 22]",
0,0,4210,[],won,0,
4,False,4210,"[1, 2, 3]",
5,False,4206,"[1, 2, 3, 4]",
6,False,4201,"[1, 2, 3, 4, 5]",
7,True,4195,"[1, 2, 3, 4, 5, 6]",
7,False,4202,"[2, 3, 4, 5]",
9,True,4195,"[2, 3, 4, 5, 7]",
8,True,4204,"[3, 4, 5]",
4,True,4212,"[4]",
0,0,4216,[],won,0,
4,True,4216,"[1, 2, 3]",
2,False,4220,"[2]",
4,True,4218,"[2, 2]",
0,0,4222,[],won,0,
4,True,4222,"[1, 2, 3]",
2,False,4226,"[2]",
4,True,4224,"[2, 2]",
0,0,4228,[],won,0,
4,False,4228,"[1, 2, 3]",
5,False,4224,"[1, 2, 3, 4]",
6,False,4219,"[1, 2, 3, 4, 5]",
7,True,4213,"[1, 2, 3, 4, 5, 6]",
7,True,4220,"[2, 3, 4, 5]",
7,False,4227,"[3, 4]",
10,True,4220,"[3, 4, 7]",
4,False,4230,"[4]",
8,False,4226,"[4, 4]",
12,False,4218,"[4, 4, 8]",
16,False,4206,"[4, 4, 8, 12]",
20,False,4190,"[4, 4, 8, 12, 16]",
24,True,4170,"[4, 4, 8, 12, 16, 20]",
20,False,4194,"[4, 8, 12, 16]",
24,True,4174,"[4, 8, 12, 16, 20]",
24,True,4198,"[8, 12, 16]",
12,False,4222,"[12]",
24,False,4210,"[12, 12]",
36,True,4186,"[12, 12, 24]",
12,True,4222,"[12]",
0,0,4234,[],won,0,
4,True,4234,"[1, 2, 3]",
2,True,4238,"[2]",
0,0,4240,[],won,0,
4,True,4240,"[1, 2, 3]",
2,False,4244,"[2]",
4,True,4242,"[2, 2]",
0,0,4246,[],won,0,
4,False,4246,"[1, 2, 3]",
5,True,4242,"[1, 2, 3, 4]",
5,True,4247,"[2, 3]",
0,0,4252,[],won,0,
4,True,4252,"[1, 2, 3]",
2,True,4256,"[2]",
0,0,4258,[],won,0,
4,True,4258,"[1, 2, 3]",
2,True,4262,"[2]",
0,0,4264,[],won,0,
4,False,4264,"[1, 2, 3]",
5,False,4260,"[1, 2, 3, 4]",
6,False,4255,"[1, 2, 3, 4, 5]",
7,True,4249,"[1, 2, 3, 4, 5, 6]",
7,False,4256,"[2, 3, 4, 5]",
9,True,4249,"[2, 3, 4, 5, 7]",
8,False,4258,"[3, 4, 5]",
11,False,4250,"[3, 4, 5, 8]",
14,False,4239,"[3, 4, 5, 8, 11]",
17,False,4225,"[3, 4, 5, 8, 11, 14]",
20,False,4208,"[3, 4, 5, 8, 11, 14, 17]",
23,False,4188,"[3, 4, 5, 8, 11, 14, 17, 20]",
26,True,4165,"[3, 4, 5, 8, 11, 14, 17, 20, 23]",
24,False,4191,"[4, 5, 8, 11, 14, 17, 20]",
28,True,4167,"[4, 5, 8, 11, 14, 17, 20, 24]",
25,False,4195,"[5, 8, 11, 14, 17, 20]",
30,True,4170,"[5, 8, 11, 14, 17, 20, 25]",
28,True,4200,"[8, 11, 14, 17, 20]",
28,True,4228,"[11, 14, 17]",
14,True,4256,"[14]",
0,0,4270,[],won,0,
4,False,4270,"[1, 2, 3]",
5,False,4266,"[1, 2, 3, 4]",
6,False,4261,"[1, 2, 3, 4, 5]",
7,False,4255,"[1, 2, 3, 4, 5, 6]",
8,True,4248,"[1, 2, 3, 4, 5, 6, 7]",
8,True,4256,"[2, 3, 4, 5, 6]",
8,False,4264,"[3, 4, 5]",
11,True,4256,"[3, 4, 5, 8]",
9,False,4267,"[4, 5]",
13,False,4258,"[4, 5, 9]",
17,True,4245,"[4, 5, 9, 13]",
14,False,4262,"[5, 9]",
19,True,4248,"[5, 9, 14]",
9,True,4267,"[9]",
0,0,4276,[],won,0,
4,True,4276,"[1, 2, 3]",
2,True,4280,"[2]",
0,0,4282,[],won,0,
4,False,4282,"[1, 2, 3]",
5,True,4278,"[1, 2, 3, 4]",
5,True,4283,"[2, 3]",
0,0,4288,[],won,0,
4,True,4288,"[1, 2, 3]",
2,True,4292,"[2]",
0,0,4294,[],won,0,
4,True,4294,"[1, 2, 3]",
2,True,4298,"[2]",
0,0,4300,[],won,0,
4,True,4300,"[1, 2, 3]",
2,True,4304,"[2]",
0,0,4306,[],won,0,
4,False,4306,"[1, 2, 3]",
5,True,4302,"[1, 2, 3, 4]",
5,True,4307,"[2, 3]",
0,0,4312,[],won,0,
4,True,4312,"[1, 2, 3]",
2,False,4316,"[2]",
4,True,4314,"[2, 2]",
0,0,4318,[],won,0,
4,True,4318,"[1, 2, 3]",
2,True,4322,"[2]",
0,0,4324,[],won,0,
4,False,4324,"[1, 2, 3]",
5,True,4320,"[1, 2, 3, 4]",
5,False,4325,"[2, 3]",
7,True,4320,"[2, 3, 5]",
3,True,4327,"[3]",
0,0,4330,[],won,0,
4,False,4330,"[1, 2, 3]",
5,True,4326,"[1, 2, 3, 4]",
5,True,4331,"[2, 3]",
0,0,4336,[],won,0,
4,False,4336,"[1, 2, 3]",
5,False,4332,"[1, 2, 3, 4]",
6,True,4327,"[1, 2, 3, 4, 5]",
6,True,4333,"[2, 3, 4]",
3,False,4339,"[3]",
6,True,4336,"[3, 3]",
0,0,4342,[],won,0,
4,False,4342,"[1, 2, 3]",
5,False,4338,"[1, 2, 3, 4]",
6,True,4333,"[1, 2, 3, 4, 5]",
6,False,4339,"[2, 3, 4]",
8,True,4333,"[2, 3, 4, 6]",
7,False,4341,"[3, 4]",
10,True,4334,"[3, 4, 7]",
4,False,4344,"[4]",
8,True,4340,"[4, 4]",
0,0,4348,[],won,0,
4,True,4348,"[1, 2, 3]",
2,False,4352,"[2]",
4,True,4350,"[2, 2]",
0,0,4354,[],won,0,
4,True,4354,"[1, 2, 3]",
2,False,4358,"[2]",
4,False,4356,"[2, 2]",
6,True,4352,"[2, 2, 4]",
2,False,4358,"[2]",
4,False,4356,"[2, 2]",
6,True,4352,"[2, 2, 4]",
2,True,4358,"[2]",
0,0,4360,[],won,0,
4,True,4360,"[1, 2, 3]",
2,True,4364,"[2]",
0,0,4366,[],won,0,
4,True,4366,"[1, 2, 3]",
2,False,4370,"[2]",
4,True,4368,"[2, 2]",
0,0,4372,[],won,0,
4,False,4372,"[1, 2, 3]",
5,False,4368,"[1, 2, 3, 4]",
6,True,4363,"[1, 2, 3, 4, 5]",
6,True,4369,"[2, 3, 4]",
3,True,4375,"[3]",
0,0,4378,[],won,0,
4,True,4378,"[1, 2, 3]",
2,True,4382,"[2]",
0,0,4384,[],won,0,
4,False,4384,"[1, 2, 3]",
5,False,4380,"[1, 2, 3, 4]",
6,False,4375,"[1, 2, 3, 4, 5]",
7,True,4369,"[1, 2, 3, 4, 5, 6]",
7,True,4376,"[2, 3, 4, 5]",
7,False,4383,"[3, 4]",
10,False,4376,"[3, 4, 7]",
13,False,4366,"[3, 4, 7, 10]",
16,False,4353,"[3, 4, 7, 10, 13]",
19,True,4337,"[3, 4, 7, 10, 13, 16]",
17,True,4356,"[4, 7, 10, 13]",
17,True,4373,"[7, 10]",
0,0,4390,[],won,0,
4,False,4390,"[1, 2, 3]",
5,False,4386,"[1, 2, 3, 4]",
6,True,4381,"[1, 2, 3, 4, 5]",
6,True,4387,"[2, 3, 4]",
3,False,4393,"[3]",
6,True,4390,"[3, 3]",
0,0,4396,[],won,0,
4,True,4396,"[1, 2, 3]",
2,True,4400,"[2]",
0,0,4402,[],won,0,
4,False,4402,"[1, 2, 3]",
5,False,4398,"[1, 2, 3, 4]",
6,True,4393,"[1, 2, 3, 4, 5]",
6,True,4399,"[2, 3, 4]",
3,False,4405,"[3]",
6,True,4402,"[3, 3]",
0,0,4408,[],won,0,
4,False,4408,"[1, 2, 3]",
5,False,4404,"[1, 2, 3, 4]",
6,False,4399,"[1, 2, 3, 4, 5]",
7,True,4393,"[1, 2, 3, 4, 5, 6]",
7,True,4400,"[2, 3, 4, 5]",
7,True,4407,"[3, 4]",
0,0,4414,[],won,0,
4,False,4414,"[1, 2, 3]",
5,False,4410,"[1, 2, 3, 4]",
6,False,4405,"[1, 2, 3, 4, 5]",
7,False,4399,"[1, 2, 3, 4, 5, 6]",
8,True,4392,"[1, 2, 3, 4, 5, 6, 7]",
8,False,4400,"[2, 3, 4, 5, 6]",
10,False,4392,"[2, 3, 4, 5, 6, 8]",
12,True,4382,"[2, 3, 4, 5, 6, 8, 10]",
11,True,4394,"[3, 4, 5, 6, 8]",
10,True,4405,"[4, 5, 6]",
5,True,4415,"[5]",
0,0,4420,[],won,0,
4,True,4420,"[1, 2, 3]",
2,True,4424,"[2]",
0,0,4426,[],won,0,
4,True,4426,"[1, 2, 3]",
2,True,4430,"[2]",
0,0,4432,[],won,0,
4,False,4432,"[1, 2, 3]",
5,True,4428,"[1, 2, 3, 4]",
5,True,4433,"[2, 3]",
0,0,4438,[],won,0,
4,True,4438,"[1, 2, 3]",
2,False,4442,"[2]",
4,False,4440,"[2, 2]",
6,False,4436,"[2, 2, 4]",
8,True,4430,"[2, 2, 4, 6]",
6,False,4438,"[2, 4]",
8,True,4432,"[2, 4, 6]",
4,True,4440,"[4]",
0,0,4444,[],won,0,
4,True,4444,"[1, 2, 3]",
2,False,4448,"[2]",
4,True,4446,"[2, 2]",
0,0,4450,[],won,0,
4,True,4450,"[1, 2, 3]",
2,False,4454,"[2]",
4,True,4452,"[2, 2]",
0,0,4456,[],won,0,
4,False,4456,"[1, 2, 3]",
5,False,4452,"[1, 2, 3, 4]",
6,True,4447,"[1, 2, 3, 4, 5]",
6,True,4453,"[2, 3, 4]",
3,False,4459,"[3]",
6,True,4456,"[3, 3]",
0,0,4462,[],won,0,
4,False,4462,"[1, 2, 3]",
5,True,4458,"[1, 2, 3, 4]",
5,False,4463,"[2, 3]",
7,True,4458,"[2, 3, 5]",
3,False,4465,"[3]",
6,False,4462,"[3, 3]",
9,False,4456,"[3, 3, 6]",
12,True,4447,"[3, 3, 6, 9]",
9,True,4459,"[3, 6]",
0,0,4468,[],won,0,
4,False,4468,"[1, 2, 3]",
5,False,4464,"[1, 2, 3, 4]",
6,True,4459,"[1, 2, 3, 4, 5]",
6,False,4465,"[2, 3, 4]",
8,True,4459,"[2, 3, 4, 6]",
7,True,4467,"[3, 4]",
0,0,4474,[],won,0,
4,True,4474,"[1, 2, 3]",
2,True,4478,"[2]",
0,0,4480,[],won,0,
4,True,4480,"[1, 2, 3]",
2,True,4484,"[2]",
0,0,4486,[],won,0,
4,True,4486,"[1, 2, 3]",
2,False,4490,"[2]",
4,True,4488,"[2, 2]",
0,0,4492,[],won,0,
4,True,4492,"[1, 2, 3]",
2,True,4496,"[2]",
0,0,4498,[],won,0,
4,True,4498,"[1, 2, 3]",
2,False,4502,"[2]",
4,False,4500,"[2, 2]",
6,True,4496,"[2, 2, 4]",
2,True,4502,"[2]",
0,0,4504,[],won,0,
4,True,4504,"[1, 2, 3]",
2,False,4508,"[2]",
4,True,4506,"[2, 2]",
0,0,4510,[],won,0,
4,False,4510,"[1, 2, 3]",
5,True,4506,"[1, 2, 3, 4]",
5,False,4511,"[2, 3]",
7,False,4506,"[2, 3, 5]",
9,True,4499,"[2, 3, 5, 7]",
8,False,4508,"[3, 5]",
11,False,4500,"[3, 5, 8]",
14,True,4489,"[3, 5, 8, 11]",
13,True,4503,"[5, 8]",
0,0,4516,[],won,0,
4,True,4516,"[1, 2, 3]",
2,False,4520,"[2]",
4,False,4518,"[2, 2]",
6,False,4514,"[2, 2, 4]",
8,True,4508,"[2, 2, 4, 6]",
6,True,4516,"[2, 4]",
0,0,4522,[],won,0,
4,False,4522,"[1, 2, 3]",
5,False,4518,"[1, 2, 3, 4]",
6,True,4513,"[1, 2, 3, 4, 5]",
6,True,4519,"[2, 3, 4]",
3,True,4525,"[3]",
0,0,4528,[],won,0,
4,True,4528,"[1, 2, 3]",
2,True,4532,"[2]",
0,0,4534,[],won,0,
4,False,4534,"[1, 2, 3]",
5,True,4530,"[1, 2, 3, 4]",
5,False,4535,"[2, 3]",
7,True,4530,"[2, 3, 5]",
3,False,4537,"[3]",
6,True,4534,"[3, 3]",
0,0,4540,[],won,0,
4,False,4540,"[1, 2, 3]",
5,True,4536,"[1, 2, 3, 4]",
5,False,4541,"[2, 3]",
7,False,4536,"[2, 3, 5]",
9,True,4529,"[2, 3, 5, 7]",
8,False,4538,"[3, 5]",
11,True,4530,"[3, 5, 8]",
5,False,4541,"[5]",
10,False,4536,"[5, 5]",
15,True,4526,"[5, 5, 10]",
5,True,4541,"[5]",
0,0,4546,[],won,0,
4,True,4546,"[1, 2, 3]",
2,True,4550,"[2]",
0,0,4552,[],won,0,
4,True,4552,"[1, 2, 3]",
2,True,4556,"[2]",
0,0,4558,[],won,0,
4,False,4558,"[1, 2, 3]",
5,True,4554,"[1, 2, 3, 4]",
5,True,4559,"[2, 3]",
0,0,4564,[],won,0,
4,True,4564,"[1, 2, 3]",
2,False,4568,"[2]",
4,False,4566,"[2, 2]",
6,False,4562,"[2, 2, 4]",
8,True,4556,"[2, 2, 4, 6]",
6,True,4564,"[2, 4]",
0,0,4570,[],won,0,
4,True,4570,"[1, 2, 3]",
2,True,4574,"[2]",
0,0,4576,[],won,0,
4,False,4576,"[1, 2, 3]",
5,True,4572,"[1, 2, 3, 4]",
5,False,4577,"[2, 3]",
7,False,4572,"[2, 3, 5]",
9,False,4565,"[2, 3, 5, 7]",
11,True,4556,"[2, 3, 5, 7, 9]",
10,False,4567,"[3, 5, 7]",
13,False,4557,"[3, 5, 7, 10]",
16,True,4544,"[3, 5, 7, 10, 13]",
15,True,4560,"[5, 7, 10]",
7,False,4575,"[7]",
14,True,4568,"[7, 7]",
0,0,4582,[],won,0,
4,False,4582,"[1, 2, 3]",
5,True,4578,"[1, 2, 3, 4]",
5,False,4583,"[2, 3]",
7,False,4578,"[2, 3, 5]",
9,True,4571,"[2, 3, 5, 7]",
8,True,4580,"[3, 5]",
0,0,4588,[],won,0,
4,True,4588,"[1, 2, 3]",
2,False,4592,"[2]",
4,False,4590,"[2, 2]",
6,True,4586,"[2, 2, 4]",
2,False,4592,"[2]",
4,False,4590,"[2, 2]",
6,True,4586,"[2, 2, 4]",
2,False,4592,"[2]",
4,False,4590,"[2, 2]",
6,False,4586,"[2, 2, 4]",
8,False,4580,"[2, 2, 4, 6]",
10,True,4572,"[2, 2, 4, 6, 8]",
8,True,4582,"[2, 4, 6]",
4,False,4590,"[4]",
8,False,4586,"[4, 4]",
12,True,4578,"[4, 4, 8]",
4,True,4590,"[4]",
0,0,4594,[],won,0,
4,True,4594,"[1, 2, 3]",
2,False,4598,"[2]",
4,True,4596,"[2, 2]",
0,0,4600,[],won,0,
4,False,4600,"[1, 2, 3]",
5,False,4596,"[1, 2, 3, 4]",
6,False,4591,"[1, 2, 3, 4, 5]",
7,True,4585,"[1, 2, 3, 4, 5, 6]",
7,False,4592,"[2, 3, 4, 5]",
9,True,4585,"[2, 3, 4, 5, 7]",
8,False,4594,"[3, 4, 5]",
11,False,4586,"[3, 4, 5, 8]",
14,False,4575,"[3, 4, 5, 8, 11]",
17,True,4561,"[3, 4, 5, 8, 11, 14]",
15,True,4578,"[4, 5, 8, 11]",
13,False,4593,"[5, 8]",
18,True,4580,"[5, 8, 13]",
8,True,4598,"[8]",
0,0,4606,[],won,0,
4,True,4606,"[1, 2, 3]",
2,True,4610,"[2]",
0,0,4612,[],won,0,
4,False,4612,"[1, 2, 3]",
5,False,4608,"[1, 2, 3, 4]",
6,True,4603,"[1, 2, 3, 4, 5]",
6,False,4609,"[2, 3, 4]",
8,False,4603,"[2, 3, 4, 6]",
10,True,4595,"[2, 3, 4, 6, 8]",
9,True,4605,"[3, 4, 6]",
4,True,4614,"[4]",
0,0,4618,[],won,0,
4,False,4618,"[1, 2, 3]",
5,False,4614,"[1, 2, 3, 4]",
6,False,4609,"[1, 2, 3, 4, 5]",
7,False,4603,"[1, 2, 3, 4, 5, 6]",
8,True,4596,"[1, 2, 3, 4, 5, 6, 7]",
8,False,4604,"[2, 3, 4, 5, 6]",
10,True,4596,"[2, 3, 4, 5, 6, 8]",
9,False,4606,"[3, 4, 5, 6]",
12,True,4597,"[3, 4, 5, 6, 9]",
10,True,4609,"[4, 5, 6]",
5,True,4619,"[5]",
0,0,4624,[],won,0,
4,True,4624,"[1, 2, 3]",
2,True,4628,"[2]",
0,0,4630,[],won,0,
4,True,4630,"[1, 2, 3]",
2,False,4634,"[2]",
4,True,4632,"[2, 2]",
0,0,4636,[],won,0,
4,False,4636,"[1, 2, 3]",
5,False,4632,"[1, 2, 3, 4]",
6,False,4627,"[1, 2, 3, 4, 5]",
7,True,4621,"[1, 2, 3, 4, 5, 6]",
7,True,4628,"[2, 3, 4, 5]",
7,True,4635,"[3, 4]",
0,0,4642,[],won,0,
4,False,4642,"[1, 2, 3]",
5,True,4638,"[1, 2, 3, 4]",
5,False,4643,"[2, 3]",
7,False,4638,"[2, 3, 5]",
9,False,4631,"[2, 3, 5, 7]",
11,False,4622,"[2, 3, 5, 7, 9]",
13,False,4611,"[2, 3, 5, 7, 9, 11]",
15,False,4598,"[2, 3, 5, 7, 9, 11, 13]",
17,True,4583,"[2, 3, 5, 7, 9, 11, 13, 15]",
16,False,4600,"[3, 5, 7, 9, 11, 13]",
19,True,4584,"[3, 5, 7, 9, 11, 13, 16]",
18,True,4603,"[5, 7, 9, 11, 13]",
18,False,4621,"[7, 9, 11]",
25,False,4603,"[7, 9, 11, 18]",
32,False,4578,"[7, 9, 11, 18, 25]",
39,False,4546,"[7, 9, 11, 18, 25, 32]",
46,False,4507,"[7, 9, 11, 18, 25, 32, 39]",
53,False,4461,"[7, 9, 11, 18, 25, 32, 39, 46]",
60,False,4408,"[7, 9, 11, 18, 25, 32, 39, 46, 53]",
67,True,4348,"[7, 9, 11, 18, 25, 32, 39, 46, 53, 60]",
62,False,4415,"[9, 11, 18, 25, 32, 39, 46, 53]",
71,False,4353,"[9, 11, 18, 25, 32, 39, 46, 53, 62]",
80,False,4282,"[9, 11, 18, 25, 32, 39, 46, 53, 62, 71]",
89,False,4202,"[9, 11, 18, 25, 32, 39, 46, 53, 62, 71, 80]",
98,True,4113,"[9, 11, 18, 25, 32, 39, 46, 53, 62, 71, 80, 89]",
91,False,4211,"[11, 18, 25, 32, 39, 46, 53, 62, 71, 80]",
102,True,4120,"[11, 18, 25, 32, 39, 46, 53, 62, 71, 80, 91]",
98,False,4222,"[18, 25, 32, 39, 46, 53, 62, 71, 80]",
116,True,4124,"[18, 25, 32, 39, 46, 53, 62, 71, 80, 98]",
105,False,4240,"[25, 32, 39, 46, 53, 62, 71, 80]",
130,False,4135,"[25, 32, 39, 46, 53, 62, 71, 80, 105]",
155,False,4005,"[25, 32, 39, 46, 53, 62, 71, 80, 105, 130]",
180,False,3850,"[25, 32, 39, 46, 53, 62, 71, 80, 105, 130, 155]",
205,False,3670,"[25, 32, 39, 46, 53, 62, 71, 80, 105, 130, 155, 180]",
230,False,3465,"[25, 32, 39, 46, 53, 62, 71, 80, 105, 130, 155, 180, 205]",
255,True,3235,"[25, 32, 39, 46, 53, 62, 71, 80, 105, 130, 155, 180, 205, 230]",
237,True,3490,"[32, 39, 46, 53, 62, 71, 80, 105, 130, 155, 180, 205]",
219,True,3727,"[39, 46, 53, 62, 71, 80, 105, 130, 155, 180]",
201,False,3946,"[46, 53, 62, 71, 80, 105, 130, 155]",
247,False,3745,"[46, 53, 62, 71, 80, 105, 130, 155, 201]",
293,True,3498,"[46, 53, 62, 71, 80, 105, 130, 155, 201, 247]",
254,False,3791,"[53, 62, 71, 80, 105, 130, 155, 201]",
307,True,3537,"[53, 62, 71, 80, 105, 130, 155, 201, 254]",
263,True,3844,"[62, 71, 80, 105, 130, 155, 201]",
226,False,4107,"[71, 80, 105, 130, 155]",
297,True,3881,"[71, 80, 105, 130, 155, 226]",
235,True,4178,"[80, 105, 130, 155]",
235,False,4413,"[105, 130]",
340,False,4178,"[105, 130, 235]",
445,False,3838,"[105, 130, 235, 340]",
550,False,3393,"[105, 130, 235, 340, 445]",
655,False,2843,"[105, 130, 235, 340, 445, 550]",
760,False,2188,"[105, 130, 235, 340, 445, 550, 655]",
865,False,1428,"[105, 130, 235, 340, 445, 550, 655, 760]",
0,0,563,[105, 130, 235, 340, 445, 550, 655, 760, 865],broke,0,
4,False,563,"[1, 2, 3]",
5,False,559,"[1, 2, 3, 4]",
6,False,554,"[1, 2, 3, 4, 5]",
7,True,548,"[1, 2, 3, 4, 5, 6]",
7,True,555,"[2, 3, 4, 5]",
7,True,562,"[3, 4]",
0,0,569,[],won,0,
4,True,569,"[1, 2, 3]",
2,True,573,"[2]",
0,0,575,[],won,0,
4,True,575,"[1, 2, 3]",
2,True,579,"[2]",
0,0,581,[],won,0,
4,False,581,"[1, 2, 3]",
5,False,577,"[1, 2, 3, 4]",
6,False,572,"[1, 2, 3, 4, 5]",
7,True,566,"[1, 2, 3, 4, 5, 6]",
7,False,573,"[2, 3, 4, 5]",
9,False,566,"[2, 3, 4, 5, 7]",
11,True,557,"[2, 3, 4, 5, 7, 9]",
10,True,568,"[3, 4, 5, 7]",
9,True,578,"[4, 5]",
0,0,587,[],won,0,
4,True,587,"[1, 2, 3]",
2,True,591,"[2]",
0,0,593,[],won,0,
4,True,593,"[1, 2, 3]",
2,True,597,"[2]",
0,0,599,[],won,0,
4,False,599,"[1, 2, 3]",
5,False,595,"[1, 2, 3, 4]",
6,True,590,"[1, 2, 3, 4, 5]",
6,True,596,"[2, 3, 4]",
3,True,602,"[3]",
0,0,605,[],won,0,
4,False,605,"[1, 2, 3]",
5,False,601,"[1, 2, 3, 4]",
6,True,596,"[1, 2, 3, 4, 5]",
6,True,602,"[2, 3, 4]",
3,False,608,"[3]",
6,False,605,"[3, 3]",
9,False,599,"[3, 3, 6]",
12,False,590,"[3, 3, 6, 9]",
15,True,578,"[3, 3, 6, 9, 12]",
12,False,593,"[3, 6, 9]",
15,False,581,"[3, 6, 9, 12]",
18,False,566,"[3, 6, 9, 12, 15]",
21,False,548,"[3, 6, 9, 12, 15, 18]",
24,True,527,"[3, 6, 9, 12, 15, 18, 21]",
24,True,551,"[6, 9, 12, 15, 18]",
24,True,575,"[9, 12, 15]",
12,True,599,"[12]",
0,0,611,[],won,0,
4,False,611,"[1, 2, 3]",
5,False,607,"[1, 2, 3, 4]",
6,True,602,"[1, 2, 3, 4, 5]",
6,False,608,"[2, 3, 4]",
8,True,602,"[2, 3, 4, 6]",
7,True,610,"[3, 4]",
0,0,617,[],won,0,
4,False,617,"[1, 2, 3]",
5,True,613,"[1, 2, 3, 4]",
5,False,618,"[2, 3]",
7,True,613,"[2, 3, 5]",
3,False,620,"[3]",
6,False,617,"[3, 3]",
9,False,611,"[3, 3, 6]",
12,False,602,"[3, 3, 6, 9]",
15,False,590,"[3, 3, 6, 9, 12]",
18,True,575,"[3, 3, 6, 9, 12, 15]",
15,False,593,"[3, 6, 9, 12]",
18,False,578,"[3, 6, 9, 12, 15]",
21,True,560,"[3, 6, 9, 12, 15, 18]",
21,True,581,"[6, 9, 12, 15]",
21,True,602,"[9, 12]",
0,0,623,[],won,0,
4,False,623,"[1, 2, 3]",
5,True,619,"[1, 2, 3, 4]",
5,True,624,"[2, 3]",
0,0,629,[],won,0,
4,False,629,"[1, 2, 3]",
5,True,625,"[1, 2, 3, 4]",
5,True,630,"[2, 3]",
0,0,635,[],won,0,
4,True,635,"[1, 2, 3]",
2,True,639,"[2]",
0,0,641,[],won,0,
4,True,641,"[1, 2, 3]",
2,True,645,"[2]",
0,0,647,[],won,0,
4,False,647,"[1, 2, 3]",
5,False,643,"[1, 2, 3, 4]",
6,True,638,"[1, 2, 3, 4, 5]",
6,True,644,"[2, 3, 4]",
3,False,650,"[3]",
6,True,647,"[3, 3]",
0,0,653,[],won,0,
4,False,653,"[1, 2, 3]",
5,True,649,"[1, 2, 3, 4]",
5,False,654,"[2, 3]",
7,False,649,"[2, 3, 5]",
9,True,642,"[2, 3, 5, 7]",
8,False,651,"[3, 5]",
11,False,643,"[3, 5, 8]",
14,True,632,"[3, 5, 8, 11]",
13,True,646,"[5, 8]",
0,0,659,[],won,0,
4,False,659,"[1, 2, 3]",
5,False,655,"[1, 2, 3, 4]",
6,True,650,"[1, 2, 3, 4, 5]",
6,False,656,"[2, 3, 4]",
8,False,650,"[2, 3, 4, 6]",
10,True,642,"[2, 3, 4, 6, 8]",
9,False,652,"[3, 4, 6]",
12,True,643,"[3, 4, 6, 9]",
10,False,655,"[4, 6]",
14,True,645,"[4, 6, 10]",
6,False,659,"[6]",
12,False,653,"[6, 6]",
18,False,641,"[6, 6, 12]",
24,True,623,"[6, 6, 12, 18]",
18,True,647,"[6, 12]",
0,0,665,[],won,0,
4,False,665,"[1, 2, 3]",
5,False,661,"[1, 2, 3, 4]",
6,True,656,"[1, 2, 3, 4, 5]",
6,False,662,"[2, 3, 4]",
8,False,656,"[2, 3, 4, 6]",
10,True,648,"[2, 3, 4, 6, 8]",
9,True,658,"[3, 4, 6]",
4,True,667,"[4]",
0,0,671,[],won,0,
4,False,671,"[1, 2, 3]",
5,True,667,"[1, 2, 3, 4]",
5,False,672,"[2, 3]",
7,True,667,"[2, 3, 5]",
3,False,674,"[3]",
6,False,671,"[3, 3]",
9,True,665,"[3, 3, 6]",
3,False,674,"[3]",
6,True,671,"[3, 3]",
0,0,677,[],won,0,
4,False,677,"[1, 2, 3]",
5,False,673,"[1, 2, 3, 4]",
6,False,668,"[1, 2, 3, 4, 5]",
7,False,662,"[1, 2, 3, 4, 5, 6]",
8,False,655,"[1, 2, 3, 4, 5, 6, 7]",
9,False,647,"[1, 2, 3, 4, 5, 6, 7, 8]",
10,False,638,"[1, 2, 3, 4, 5, 6, 7, 8, 9]",
11,False,628,"[1, 2, 3, 4, 5, 6, 7, 8, 9, 10]",
12,True,617,"[1, 2, 3, 4, 5, 6, 7, 8, 9, 10, 11]",
12,False,629,"[2, 3, 4, 5, 6, 7, 8, 9, 10]",
14,False,617,"[2, 3, 4, 5, 6, 7, 8, 9, 10, 12]",
16,False,603,"[2, 3, 4, 5, 6, 7, 8, 9, 10, 12, 14]",
18,True,587,"[2, 3, 4, 5, 6, 7, 8, 9, 10, 12, 14, 16]",
17,True,605,"[3, 4, 5, 6, 7, 8, 9, 10, 12, 14]",
16,True,622,"[4, 5, 6, 7, 8, 9, 10, 12]",
15,True,638,"[5, 6, 7, 8, 9, 10]",
15,True,653,"[6, 7, 8, 9]",
15,False,668,"[7, 8]",
22,False,653,"[7, 8, 15]",
29,False,631,"[7, 8, 15, 22]",
36,False,602,"[7, 8, 15, 22, 29]",
43,True,566,"[7, 8, 15, 22, 29, 36]",
37,True,609,"[8, 15, 22, 29]",
37,False,646,"[15, 22]",
52,False,609,"[15, 22, 37]",
67,False,557,"[15, 22, 37, 52]",
82,False,490,"[15, 22, 37, 52, 67]",
97,True,408,"[15, 22, 37, 52, 67, 82]",
89,True,505,"[22, 37, 52, 67]",
89,True,594,"[37, 52]",
0,0,683,[],won,0,
4,True,683,"[1, 2, 3]",
2,False,687,"[2]",
4,False,685,"[2, 2]",
6,True,681,"[2, 2, 4]",
2,True,687,"[2]",
0,0,689,[],won,0,
4,True,689,"[1, 2, 3]",
2,True,693,"[2]",
0,0,695,[],won,0,
4,True,695,"[1, 2, 3]",
2,True,699,"[2]",
0,0,701,[],won,0,
4,True,701,"[1, 2, 3]",
2,True,705,"[2]",
0,0,707,[],won,0,
4,False,707,"[1, 2, 3]",
5,False,703,"[1, 2, 3, 4]",
6,True,698,"[1, 2, 3, 4, 5]",
6,True,704,"[2, 3, 4]",
3,True,710,"[3]",
0,0,713,[],won,0,
4,True,713,"[1, 2, 3]",
2,False,717,"[2]",
4,False,715,"[2, 2]",
6,True,711,"[2, 2, 4]",
2,False,717,"[2]",
4,True,715,"[2, 2]",
0,0,719,[],won,0,
4,True,719,"[1, 2, 3]",
2,True,723,"[2]",
0,0,725,[],won,0,
4,True,725,"[1, 2, 3]",
2,True,729,"[2]",
0,0,731,[],won,0,
4,True,731,"[1, 2, 3]",
2,False,735,"[2]",
4,True,733,"[2, 2]",
0,0,737,[],won,0,
4,True,737,"[1, 2, 3]",
2,True,741,"[2]",
0,0,743,[],won,0,
4,True,743,"[1, 2, 3]",
2,True,747,"[2]",
0,0,749,[],won,0,
4,False,749,"[1, 2, 3]",
5,False,745,"[1, 2, 3, 4]",
6,False,740,"[1, 2, 3, 4, 5]",
7,False,734,"[1, 2, 3, 4, 5, 6]",
8,True,727,"[1, 2, 3, 4, 5, 6, 7]",
8,True,735,"[2, 3, 4, 5, 6]",
8,True,743,"[3, 4, 5]",
4,False,751,"[4]",
8,False,747,"[4, 4]",
12,False,739,"[4, 4, 8]",
16,True,727,"[4, 4, 8, 12]",
12,False,743,"[4, 8]",
16,False,731,"[4, 8, 12]",
20,True,715,"[4, 8, 12, 16]",
20,True,735,"[8, 12]",
0,0,755,[],won,0,
4,True,755,"[1, 2, 3]",
2,False,759,"[2]",
4,True,757,"[2, 2]",
0,0,761,[],won,0,
4,False,761,"[1, 2, 3]",
5,True,757,"[1, 2, 3, 4]",
5,True,762,"[2, 3]",
0,0,767,[],won,0,
4,True,767,"[1, 2, 3]",
2,False,771,"[2]",
4,True,769,"[2, 2]",
0,0,773,[],won,0,
4,True,773,"[1, 2, 3]",
2,True,777,"[2]",
0,0,779,[],won,0,
4,True,779,"[1, 2, 3]",
2,True,783,"[2]",
0,0,785,[],won,0,
4,True,785,"[1, 2, 3]",
2,True,789,"[2]",
0,0,791,[],won,0,
4,True,791,"[1, 2, 3]",
2,True,795,"[2]",
0,0,797,[],won,0,
4,False,797,"[1, 2, 3]",
5,False,793,"[1, 2, 3, 4]",
6,False,788,"[1, 2, 3, 4, 5]",
7,False,782,"[1, 2, 3, 4, 5, 6]",
8,False,775,"[1, 2, 3, 4, 5, 6, 7]",
9,True,767,"[1, 2, 3, 4, 5, 6, 7, 8]",
9,False,776,"[2, 3, 4, 5, 6, 7]",
11,False,767,"[2, 3, 4, 5, 6, 7, 9]",
13,True,756,"[2, 3, 4, 5, 6, 7, 9, 11]",
12,True,769,"[3, 4, 5, 6, 7, 9]",
11,True,781,"[4, 5, 6, 7]",
11,True,792,"[5, 6]",
0,0,803,[],won,0,
4,True,803,"[1, 2, 3]",
2,False,807,"[2]",
4,False,805,"[2, 2]",
6,False,801,"[2, 2, 4]",
8,True,795,"[2, 2, 4, 6]",
6,False,803,"[2, 4]",
8,False,797,"[2, 4, 6]",
10,True,789,"[2, 4, 6, 8]",
10,True,799,"[4, 6]",
0,0,809,[],won,0,
4,True,809,"[1, 2, 3]",
2,True,813,"[2]",
0,0,815,[],won,0,
4,False,815,"[1, 2, 3]",
5,False,811,"[1, 2, 3, 4]",
6,True,806,"[1, 2, 3, 4, 5]",
6,False,812,"[2, 3, 4]",
8,False,806,"[2, 3, 4, 6]",
10,False,798,"[2, 3, 4, 6, 8]",
12,False,788,"[2, 3, 4, 6, 8, 10]",
14,False,776,"[2, 3, 4, 6, 8, 10, 12]",
16,True,762,"[2, 3, 4, 6, 8, 10, 12, 14]",
15,False,778,"[3, 4, 6, 8, 10, 12]",
18,True,763,"[3, 4, 6, 8, 10, 12, 15]",
16,True,781,"[4, 6, 8, 10, 12]",
16,False,797,"[6, 8, 10]",
22,True,781,"[6, 8, 10, 16]",
18,False,803,"[8, 10]",
26,False,785,"[8, 10, 18]",
34,False,759,"[8, 10, 18, 26]",
42,True,725,"[8, 10, 18, 26, 34]",
36,False,767,"[10, 18, 26]",
46,True,731,"[10, 18, 26, 36]",
44,False,777,"[18, 26]",
62,True,733,"[18, 26, 44]",
26,False,795,"[26]",
52,False,769,"[26, 26]",
78,False,717,"[26, 26, 52]",
104,True,639,"[26, 26, 52, 78]",
78,False,743,"[26, 52]",
104,True,665,"[26, 52, 78]",
52,False,769,"[52]",
104,True,717,"[52, 52]",
0,0,821,[],won,0,
4,True,821,"[1, 2, 3]",
2,False,825,"[2]",
4,True,823,"[2, 2]",
0,0,827,[],won,0,
4,True,827,"[1, 2, 3]",
2,True,831,"[2]",
0,0,833,[],won,0,
4,False,833,"[1, 2, 3]",
5,True,829,"[1, 2, 3, 4]",
5,True,834,"[2, 3]",
0,0,839,[],won,0,
4,False,839,"[1, 2, 3]",
5,False,835,"[1, 2, 3, 4]",
6,False,830,"[1, 2, 3, 4, 5]",
7,True,824,"[1, 2, 3, 4, 5, 6]",
7,False,831,"[2, 3, 4, 5]",
9,False,824,"[2, 3, 4, 5, 7]",
11,False,815,"[2, 3, 4, 5, 7, 9]",
13,True,804,"[2, 3, 4, 5, 7, 9, 11]",
12,True,817,"[3, 4, 5, 7, 9]",
11,False,829,"[4, 5, 7]",
15,True,818,"[4, 5, 7, 11]",
12,True,833,"[5, 7]",
0,0,845,[],won,0,
4,False,845,"[1, 2, 3]",
5,False,841,"[1, 2, 3, 4]",
6,True,836,"[1, 2, 3, 4, 5]",
6,True,842,"[2, 3, 4]",
3,False,848,"[3]",
6,False,845,"[3, 3]",
9,False,839,"[3, 3, 6]",
12,True,830,"[3, 3, 6, 9]",
9,True,842,"[3, 6]",
0,0,851,[],won,0,
4,True,851,"[1, 2, 3]",
2,True,855,"[2]",
0,0,857,[],won,0,
4,True,857,"[1, 2, 3]",
2,False,861,"[2]",
4,True,859,"[2, 2]",
0,0,863,[],won,0,
4,False,863,"[1, 2, 3]",
5,True,859,"[1, 2, 3, 4]",
5,False,864,"[2, 3]",
7,False,859,"[2, 3, 5]",
9,False,852,"[2, 3, 5, 7]",
11,True,843,"[2, 3, 5, 7, 9]",
10,True,854,"[3, 5, 7]",
5,False,864,"[5]",
10,False,859,"[5, 5]",
15,True,849,"[5, 5, 10]",
5,False,864,"[5]",
10,False,859,"[5, 5]",
15,True,849,"[5, 5, 10]",
5,False,864,"[5]",
10,True,859,"[5, 5]",
0,0,869,[],won,0,
4,False,869,"[1, 2, 3]",
5,True,865,"[1, 2, 3, 4]",
5,True,870,"[2, 3]",
0,0,875,[],won,0,
4,False,875,"[1, 2, 3]",
5,True,871,"[1, 2, 3, 4]",
5,True,876,"[2, 3]",
0,0,881,[],won,0,
4,True,881,"[1, 2, 3]",
2,True,885,"[2]",
0,0,887,[],won,0,
4,False,887,"[1, 2, 3]",
5,True,883,"[1, 2, 3, 4]",
5,True,888,"[2, 3]",
0,0,893,[],won,0,
4,False,893,"[1, 2, 3]",
5,False,889,"[1, 2, 3, 4]",
6,False,884,"[1, 2, 3, 4, 5]",
7,False,878,"[1, 2, 3, 4, 5, 6]",
8,False,871,"[1, 2, 3, 4, 5, 6, 7]",
9,False,863,"[1, 2, 3, 4, 5, 6, 7, 8]",
10,True,854,"[1, 2, 3, 4, 5, 6, 7, 8, 9]",
10,False,864,"[2, 3, 4, 5, 6, 7, 8]",
12,True,854,"[2, 3, 4, 5, 6, 7, 8, 10]",
11,True,866,"[3, 4, 5, 6, 7, 8]",
11,True,877,"[4, 5, 6, 7]",
11,True,888,"[5, 6]",
0,0,899,[],won,0,
4,False,899,"[1, 2, 3]",
5,True,895,"[1, 2, 3, 4]",
5,False,900,"[2, 3]",
7,True,895,"[2, 3, 5]",
3,True,902,"[3]",
0,0,905,[],won,0,
4,True,905,"[1, 2, 3]",
2,True,909,"[2]",
0,0,911,[],won,0,
4,True,911,"[1, 2, 3]",
2,True,915,"[2]",
0,0,917,[],won,0,
4,False,917,"[1, 2, 3]",
5,False,913,"[1, 2, 3, 4]",
6,True,908,"[1, 2, 3, 4, 5]",
6,True,914,"[2, 3, 4]",
3,False,920,"[3]",
6,False,917,"[3, 3]",
9,False,911,"[3, 3, 6]",
12,False,902,"[3, 3, 6, 9]",
15,True,890,"[3, 3, 6, 9, 12]",
12,True,905,"[3, 6, 9]",
6,False,917,"[6]",
12,False,911,"[6, 6]",
18,False,899,"[6, 6, 12]",
24,False,881,"[6, 6, 12, 18]",
30,True,857,"[6, 6, 12, 18, 24]",
24,True,887,"[6, 12, 18]",
12,False,911,"[12]",
24,True,899,"[12, 12]",
0,0,923,[],won,0,
4,True,923,"[1, 2, 3]",
2,False,927,"[2]",
4,False,925,"[2, 2]",
6,True,921,"[2, 2, 4]",
2,False,927,"[2]",
4,False,925,"[2, 2]",
6,True,921,"[2, 2, 4]",
2,False,927,"[2]",
4,False,925,"[2, 2]",
6,False,921,"[2, 2, 4]",
8,False,915,"[2, 2, 4, 6]",
10,False,907,"[2, 2, 4, 6, 8]",
12,True,897,"[2, 2, 4, 6, 8, 10]",
10,True,909,"[2, 4, 6, 8]",
10,False,919,"[4, 6]",
14,False,909,"[4, 6, 10]",
18,False,895,"[4, 6, 10, 14]",
22,False,877,"[4, 6, 10, 14, 18]",
26,True,855,"[4, 6, 10, 14, 18, 22]",
24,False,881,"[6, 10, 14, 18]",
30,False,857,"[6, 10, 14, 18, 24]",
36,True,827,"[6, 10, 14, 18, 24, 30]",
34,False,863,"[10, 14, 18, 24]",
44,True,829,"[10, 14, 18, 24, 34]",
38,True,873,"[14, 18, 24]",
18,True,911,"[18]",
0,0,929,[],won,0,
4,True,929,"[1, 2, 3]",
2,False,933,"[2]",
4,True,931,"[2, 2]",
0,0,935,[],won,0,
4,True,935,"[1, 2, 3]",
2,True,939,"[2]",
0,0,941,[],won,0,
4,False,941,"[1, 2, 3]",
5,True,937,"[1, 2, 3, 4]",
5,False,942,"[2, 3]",
7,True,937,"[2, 3, 5]",
3,True,944,"[3]",
0,0,947,[],won,0,
4,False,947,"[1, 2, 3]",
5,True,943,"[1, 2, 3, 4]",
5,False,948,"[2, 3]",
7,False,943,"[2, 3, 5]",
9,True,936,"[2, 3, 5, 7]",
8,False,945,"[3, 5]",
11,False,937,"[3, 5, 8]",
14,True,926,"[3, 5, 8, 11]",
13,True,940,"[5, 8]",
0,0,953,[],won,0,
4,False,953,"[1, 2, 3]",
5,True,949,"[1, 2, 3, 4]",
5,True,954,"[2, 3]",
0,0,959,[],won,0,
4,False,959,"[1, 2, 3]",
5,False,955,"[1, 2, 3, 4]",
6,False,950,"[1, 2, 3, 4, 5]",
7,True,944,"[1, 2, 3, 4, 5, 6]",
7,True,951,"[2, 3, 4, 5]",
7,True,958,"[3, 4]",
0,0,965,[],won,0,
4,True,965,"[1, 2, 3]",
2,False,969,"[2]",
4,True,967,"[2, 2]",
0,0,971,[],won,0,
4,False,971,"[1, 2, 3]",
5,False,967,"[1, 2, 3, 4]",
6,False,962,"[1, 2, 3, 4, 5]",
7,True,956,"[1, 2, 3, 4, 5, 6]",
7,False,963,"[2, 3, 4, 5]",
9,False,956,"[2, 3, 4, 5, 7]",
11,True,947,"[2, 3, 4, 5, 7, 9]",
10,False,958,"[3, 4, 5, 7]",
13,False,948,"[3, 4, 5, 7, 10]",
16,True,935,"[3, 4, 5, 7, 10, 13]",
14,True,951,"[4, 5, 7, 10]",
12,True,965,"[5, 7]",
0,0,977,[],won,0,
4,False,977,"[1, 2, 3]",
5,True,973,"[1, 2, 3, 4]",
5,True,978,"[2, 3]",
0,0,983,[],won,0,
4,True,983,"[1, 2, 3]",
2,True,987,"[2]",
0,0,989,[],won,0,
4,True,989,"[1, 2, 3]",
2,False,993,"[2]",
4,True,991,"[2, 2]",
0,0,995,[],won,0,
4,False,995,"[1, 2, 3]",
5,True,991,"[1, 2, 3, 4]",
5,True,996,"[2, 3]",
0,0,1001,[],won,0,
4,False,1001,"[1, 2, 3]",
5,True,997,"[1, 2, 3, 4]",
5,False,1002,"[2, 3]",
7,False,997,"[2, 3, 5]",
9,True,990,"[2, 3, 5, 7]",
8,False,999,"[3, 5]",
11,True,991,"[3, 5, 8]",
5,True,1002,"[5]",
0,0,1007,[],won,0,
4,False,1007,"[1, 2, 3]",
5,True,1003,"[1, 2, 3, 4]",
5,True,1008,"[2, 3]",
0,0,1013,[],won,0,
4,True,1013,"[1, 2, 3]",
2,False,1017,"[2]",
4,False,1015,"[2, 2]",
6,True,1011,"[2, 2, 4]",
2,False,1017,"[2]",
4,True,1015,"[2, 2]",
0,0,1019,[],won,0,
4,True,1019,"[1, 2, 3]",
2,False,1023,"[2]",
4,True,1021,"[2, 2]",
0,0,1025,[],won,0,
4,False,1025,"[1, 2, 3]",
5,True,1021,"[1, 2, 3, 4]",
5,True,1026,"[2, 3]",
0,0,1031,[],won,0,
4,True,1031,"[1, 2, 3]",
2,False,1035,"[2]",
4,False,1033,"[2, 2]",
6,False,1029,"[2, 2, 4]",
8,True,1023,"[2, 2, 4, 6]",
6,True,1031,"[2, 4]",
0,0,1037,[],won,0,
4,True,1037,"[1, 2, 3]",
2,True,1041,"[2]",
0,0,1043,[],won,0,
4,False,1043,"[1, 2, 3]",
5,True,1039,"[1, 2, 3, 4]",
5,False,1044,"[2, 3]",
7,True,1039,"[2, 3, 5]",
3,False,1046,"[3]",
6,False,1043,"[3, 3]",
9,True,1037,"[3, 3, 6]",
3,False,1046,"[3]",
6,True,1043,"[3, 3]",
0,0,1049,[],won,0,
4,False,1049,"[1, 2, 3]",
5,False,1045,"[1, 2, 3, 4]",
6,True,1040,"[1, 2, 3, 4, 5]",
6,True,1046,"[2, 3, 4]",
3,True,1052,"[3]",
0,0,1055,[],won,0,
4,True,1055,"[1, 2, 3]",
2,True,1059,"[2]",
0,0,1061,[],won,0,
4,True,1061,"[1, 2, 3]",
2,False,1065,"[2]",
4,True,1063,"[2, 2]",
0,0,1067,[],won,0,
4,True,1067,"[1, 2, 3]",
2,False,1071,"[2]",
4,True,1069,"[2, 2]",
0,0,1073,[],won,0,
4,False,1073,"[1, 2, 3]",
5,False,1069,"[1, 2, 3, 4]",
6,True,1064,"[1, 2, 3, 4, 5]",
6,True,1070,"[2, 3, 4]",
3,True,1076,"[3]",
0,0,1079,[],won,0,
4,False,1079,"[1, 2, 3]",
5,True,1075,"[1, 2, 3, 4]",
5,False,1080,"[2, 3]",
7,True,1075,"[2, 3, 5]",
3,False,1082,"[3]",
6,True,1079,"[3, 3]",
0,0,1085,[],won,0,
4,False,1085,"[1, 2, 3]",
5,False,1081,"[1, 2, 3, 4]",
6,False,1076,"[1, 2, 3, 4, 5]",
7,False,1070,"[1, 2, 3, 4, 5, 6]",
8,True,1063,"[1, 2, 3, 4, 5, 6, 7]",
8,True,1071,"[2, 3, 4, 5, 6]",
8,True,1079,"[3, 4, 5]",
4,True,1087,"[4]",
0,0,1091,[],won,0,
4,False,1091,"[1, 2, 3]",
5,False,1087,"[1, 2, 3, 4]",
6,True,1082,"[1, 2, 3, 4, 5]",
6,True,1088,"[2, 3, 4]",
3,False,1094,"[3]",
6,True,1091,"[3, 3]",
0,0,1097,[],won,0,
4,False,1097,"[1, 2, 3]",
5,False,1093,"[1, 2, 3, 4]",
6,False,1088,"[1, 2, 3, 4, 5]",
7,True,1082,"[1, 2, 3, 4, 5, 6]",
7,True,1089,"[2, 3, 4, 5]",
7,True,1096,"[3, 4]",
0,0,1103,[],won,0,
4,True,1103,"[1, 2, 3]",
2,False,1107,"[2]",
4,False,1105,"[2, 2]",
6,False,1101,"[2, 2, 4]",
8,True,1095,"[2, 2, 4, 6]",
6,True,1103,"[2, 4]",
0,0,1109,[],won,0,
4,False,1109,"[1, 2, 3]",
5,True,1105,"[1, 2, 3, 4]",
5,False,1110,"[2, 3]",
7,False,1105,"[2, 3, 5]",
9,False,1098,"[2, 3, 5, 7]",
11,False,1089,"[2, 3, 5, 7, 9]",
13,True,1078,"[2, 3, 5, 7, 9, 11]",
12,False,1091,"[3, 5, 7, 9]",
15,True,1079,"[3, 5, 7, 9, 12]",
14,True,1094,"[5, 7, 9]",
7,True,1108,"[7]",
0,0,1115,[],won,0,
4,False,1115,"[1, 2, 3]",
5,False,1111,"[1, 2, 3, 4]",
6,False,1106,"[1, 2, 3, 4, 5]",
7,True,1100,"[1, 2, 3, 4, 5, 6]",
7,False,1107,"[2, 3, 4, 5]",
9,True,1100,"[2, 3, 4, 5, 7]",
8,True,1109,"[3, 4, 5]",
4,False,1117,"[4]",
8,False,1113,"[4, 4]",
12,False,1105,"[4, 4, 8]",
16,True,1093,"[4, 4, 8, 12]",
12,False,1109,"[4, 8]",
16,True,1097,"[4, 8, 12]",
8,True,1113,"[8]",
0,0,1121,[],won,0,
4,False,1121,"[1, 2, 3]",
5,True,1117,"[1, 2, 3, 4]",
5,False,1122,"[2, 3]",
7,False,1117,"[2, 3, 5]",
9,True,1110,"[2, 3, 5, 7]",
8,False,1119,"[3, 5]",
11,True,1111,"[3, 5, 8]",
5,True,1122,"[5]",
0,0,1127,[],won,0,
4,False,1127,"[1, 2, 3]",
5,True,1123,"[1, 2, 3, 4]",
5,False,1128,"[2, 3]",
7,False,1123,"[2, 3, 5]",
9,True,1116,"[2, 3, 5, 7]",
8,True,1125,"[3, 5]",
0,0,1133,[],won,0,
4,False,1133,"[1, 2, 3]",
5,False,1129,"[1, 2, 3, 4]",
6,True,1124,"[1, 2, 3, 4, 5]",
6,False,1130,"[2, 3, 4]",
8,True,1124,"[2, 3, 4, 6]",
7,False,1132,"[3, 4]",
10,True,1125,"[3, 4, 7]",
4,True,1135,"[4]",
0,0,1139,[],won,0,
4,True,1139,"[1, 2, 3]",
2,False,1143,"[2]",
4,True,1141,"[2, 2]",
0,0,1145,[],won,0,
4,False,1145,"[1, 2, 3]",
5,False,1141,"[1, 2, 3, 4]",
6,True,1136,"[1, 2, 3, 4, 5]",
6,False,1142,"[2, 3, 4]",
8,True,1136,"[2, 3, 4, 6]",
7,False,1144,"[3, 4]",
10,False,1137,"[3, 4, 7]",
13,False,1127,"[3, 4, 7, 10]",
16,False,1114,"[3, 4, 7, 10, 13]",
19,False,1098,"[3, 4, 7, 10, 13, 16]",
22,False,1079,"[3, 4, 7, 10, 13, 16, 19]",
25,False,1057,"[3, 4, 7, 10, 13, 16, 19, 22]",
28,False,1032,"[3, 4, 7, 10, 13, 16, 19, 22, 25]",
31,True,1004,"[3, 4, 7, 10, 13, 16, 19, 22, 25, 28]",
29,False,1035,"[4, 7, 10, 13, 16, 19, 22, 25]",
33,True,1006,"[4, 7, 10, 13, 16, 19, 22, 25, 29]",
32,True,1039,"[7, 10, 13, 16, 19, 22, 25]",
32,False,1071,"[10, 13, 16, 19, 22]",
42,False,1039,"[10, 13, 16, 19, 22, 32]",
52,False,997,"[10, 13, 16, 19, 22, 32, 42]",
62,True,945,"[10, 13, 16, 19, 22, 32, 42, 52]",
55,False,1007,"[13, 16, 19, 22, 32, 42]",
68,False,952,"[13, 16, 19, 22, 32, 42, 55]",
81,True,884,"[13, 16, 19, 22, 32, 42, 55, 68]",
71,True,965,"[16, 19, 22, 32, 42, 55]",
61,False,1036,"[19, 22, 32, 42]",
80,True,975,"[19, 22, 32, 42, 61]",
64,False,1055,"[22, 32, 42]",
86,False,991,"[22, 32, 42, 64]",
108,False,905,"[22, 32, 42, 64, 86]",
130,False,797,"[22, 32, 42, 64, 86, 108]",
152,False,667,"[22, 32, 42, 64, 86, 108, 130]",
174,False,515,"[22, 32, 42, 64, 86, 108, 130, 152]",
196,False,341,"[22, 32, 42, 64, 86, 108, 130, 152, 174]",
0,0,145,[22, 32, 42, 64, 86, 108, 130, 152, 174, 196],broke,0,
4,True,145,"[1, 2, 3]",
2,True,149,"[2]",
0,0,151,[],won,0,
4,True,151,"[1, 2, 3]",
2,False,155,"[2]",
4,True,153,"[2, 2]",
0,0,157,[],won,0,
4,False,157,"[1, 2, 3]",
5,True,153,"[1, 2, 3, 4]",
5,False,158,"[2, 3]",
7,True,153,"[2, 3, 5]",
3,False,160,"[3]",
6,False,157,"[3, 3]",
9,True,151,"[3, 3, 6]",
3,False,160,"[3]",
6,False,157,"[3, 3]",
9,False,151,"[3, 3, 6]",
12,True,142,"[3, 3, 6, 9]",
9,False,154,"[3, 6]",
12,False,145,"[3, 6, 9]",
15,False,133,"[3, 6, 9, 12]",
18,False,118,"[3, 6, 9, 12, 15]",
21,False,100,"[3, 6, 9, 12, 15, 18]",
24,False,79,"[3, 6, 9, 12, 15, 18, 21]",
27,True,55,"[3, 6, 9, 12, 15, 18, 21, 24]",
27,False,82,"[6, 9, 12, 15, 18, 21]",
33,True,55,"[6, 9, 12, 15, 18, 21, 27]",
30,False,88,"[9, 12, 15, 18, 21]",
39,False,58,"[9, 12, 15, 18, 21, 30]",
0,0,19,[9, 12, 15, 18, 21, 30, 39],broke,0,
4,False,19,"[1, 2, 3]",
5,True,15,"[1, 2, 3, 4]",
5,True,20,"[2, 3]",
0,0,25,[],won,0,
4,False,25,"[1, 2, 3]",
5,True,21,"[1, 2, 3, 4]",
5,True,26,"[2, 3]",
0,0,31,[],won,0,
4,True,31,"[1, 2, 3]",
2,False,35,"[2]",
4,True,33,"[2, 2]",
0,0,37,[],won,0,
4,False,37,"[1, 2, 3]",
5,True,33,"[1, 2, 3, 4]",
5,False,38,"[2, 3]",
7,True,33,"[2, 3, 5]",
3,False,40,"[3]",
6,False,37,"[3, 3]",
9,False,31,"[3, 3, 6]",
12,False,22,"[3, 3, 6, 9]",
0,0,10,[3, 3, 6, 9, 12],broke,0,
4,True,10,"[1, 2, 3]",
2,True,14,"[2]",
0,0,16,[],won,0,
4,False,16,"[1, 2, 3]",
5,True,12,"[1, 2, 3, 4]",
5,False,17,"[2, 3]",
7,False,12,"[2, 3, 5]",
0,0,5,[2, 3, 5, 7],broke,0,
4,True,5,"[1, 2, 3]",
2,False,9,"[2]",
4,True,7,"[2, 2]",
0,0,11,[],won,0,
4,False,11,"[1, 2, 3]",
5,False,7,"[1, 2, 3, 4]",
0,0,2,[1, 2, 3, 4, 5],broke,0,
